{
  "psnr_mean": 26.102286994457245,
  "psnr_std": 0.8155878669704592,
  "ssim_mean": 0.857405535876751,
  "ssim_std": 0.017949415931128525,
  "lpips_mean": 0.08673462993465364,
  "lpips_std": 0.017952843878107826
}