{
  "psnr_mean": 17.497625440359116,
  "psnr_std": 1.2009740339329706,
  "ssim_mean": 0.34726695343852043,
  "ssim_std": 0.06452480447947753,
  "lpips_mean": 0.4624634934589267,
  "lpips_std": 0.026495370864097995
}